{"cameraMode":{"drawMode":0,"name":"Shaded","section":"Shading Mode"},"sceneLighting":true,"audioPlay":false,"sceneViewState":{"showFog":true,"showMaterialUpdate":false,"showSkybox":true,"showFlares":true,"showImageEffects":true,"showParticleSystems":true},"in2DMode":false,"pivot":{"x":2.60614013671875,"y":-4.105285167694092,"z":13.615059852600098},"rotation":{"x":-0.09931227564811707,"y":-0.8867206573486328,"z":0.3915356695652008,"w":-0.22489671409130097},"size":9.858570098876954,"orthographic":false}