{"cameraMode":{"drawMode":0,"name":"Shaded","section":"Shading Mode"},"sceneLighting":true,"audioPlay":false,"sceneViewState":{"showFog":true,"showMaterialUpdate":false,"showSkybox":true,"showFlares":true,"showImageEffects":true,"showParticleSystems":true},"in2DMode":false,"pivot":{"x":-9.291119575500489,"y":-0.009094715118408203,"z":5.674567699432373},"rotation":{"x":0.08616640418767929,"y":-0.7782613039016724,"z":0.10952223837375641,"w":0.6122928261756897},"size":24.830272674560548,"orthographic":false}