{"cameraMode":{"drawMode":0,"name":"Shaded","section":"Shading Mode"},"sceneLighting":false,"audioPlay":false,"sceneViewState":{"showFog":true,"showMaterialUpdate":false,"showSkybox":false,"showFlares":true,"showImageEffects":true,"showParticleSystems":true},"in2DMode":false,"pivot":{"x":0.9000015258789063,"y":-0.9000015258789063,"z":-105.78999328613281},"rotation":{"x":0.48397669196128847,"y":0.029396241530776025,"z":-0.01626489870250225,"w":0.8744460344314575},"size":225.7190399169922,"orthographic":false}