{"cameraMode":{"drawMode":0,"name":"Shaded","section":"Shading Mode"},"sceneLighting":true,"audioPlay":false,"sceneViewState":{"showFog":true,"showMaterialUpdate":false,"showSkybox":true,"showFlares":true,"showImageEffects":true,"showParticleSystems":true},"in2DMode":false,"pivot":{"x":173.30799865722657,"y":32.000953674316409,"z":47.69313049316406},"rotation":{"x":0.10314376652240753,"y":-0.6820482015609741,"z":0.09806995838880539,"w":0.7173308730125427},"size":38.5606575012207,"orthographic":false}